row_kind,backend,mode,mode_name,tracking_mode,pid_tid_cache,alloc_pattern,repeat_index,threads,size,duration,flush_threshold,sample_interval,filter_size,blocked,baseline_ops,with_probe_ops,overhead_pct,records_or_events,malloc_events,calloc_events,realloc_events,free_events,alloc_records,free_records,unmatched_free,ringbuf_drops,observed_events,logs
baseline,none,baseline_no_hook,baseline_no_hook,none,n/a,malloc_only,1,1,32,5,20,1,-1,0,16115489.80,16115489.80,0.0000,0,0,0,0,0,0,0,0,0,0,;
ld_preload,ld_preload,ld_preload_stage6_default,stage6_notify,global,0,malloc_only,1,1,32,5,20,1,-1,0,16115489.80,269060.00,98.3304,2693285,1345300,0,0,1345296,1345300,1345296,0,0,0,;/mnt/hdd/users/cychi/research/native_hook_planB_v1/linux_native_hook_v1/results/logs/libbpf_compare_ld_preload_stage6_default_global_cache0_malloc_only_r1_t1_s32_d5.consumer.log
ld_preload,ld_preload,ld_preload_stage6_optimized,stage6_notify,sharded,1,malloc_only,1,1,32,5,20,1,-1,0,16115489.80,676863.60,95.7999,6775403,3384322,0,0,3384318,3384322,3384318,0,0,0,;/mnt/hdd/users/cychi/research/native_hook_planB_v1/linux_native_hook_v1/results/logs/libbpf_compare_ld_preload_stage6_optimized_sharded_cache1_malloc_only_r1_t1_s32_d5.consumer.log
ebpf_uprobe,libbpf,libbpf_count_only,libbpf_count_only,none,n/a,malloc_only,1,1,32,5,20,1,-1,0,16115489.80,165570.60,98.9726,1655719,827858,1,0,827860,0,0,0,0,0,/mnt/hdd/users/cychi/research/native_hook_planB_v1/linux_native_hook_v1/results/logs/libbpf_compare_libbpf_count_only_malloc_only_r1_t1_s32_d5.loader.log;
ebpf_uprobe,libbpf,libbpf_sample_filter,libbpf_sample_filter,none,n/a,malloc_only,1,1,32,5,20,1,-1,0,16115489.80,157520.80,99.0226,787610,787609,1,0,787611,0,0,0,0,0,/mnt/hdd/users/cychi/research/native_hook_planB_v1/linux_native_hook_v1/results/logs/libbpf_compare_libbpf_sample_filter_malloc_only_r1_t1_s32_d5.loader.log;
ebpf_uprobe,libbpf,libbpf_tracking,libbpf_tracking,none,n/a,malloc_only,1,1,32,5,20,1,-1,0,16115489.80,156196.00,99.0308,1561968,780985,1,0,780987,780986,780982,3,0,0,/mnt/hdd/users/cychi/research/native_hook_planB_v1/linux_native_hook_v1/results/logs/libbpf_compare_libbpf_tracking_malloc_only_r1_t1_s32_d5.loader.log;
ebpf_uprobe,libbpf,libbpf_ring_output,libbpf_ring_output,none,n/a,malloc_only,1,1,32,5,20,1,-1,0,16115489.80,122261.80,99.2413,1222626,611314,1,0,611316,611315,611311,3,0,1222626,/mnt/hdd/users/cychi/research/native_hook_planB_v1/linux_native_hook_v1/results/logs/libbpf_compare_libbpf_ring_output_malloc_only_r1_t1_s32_d5.loader.log;
baseline,none,baseline_no_hook,baseline_no_hook,none,n/a,malloc_only,1,4,32,5,20,1,-1,0,13613198.40,13613198.40,0.0000,0,0,0,0,0,0,0,0,0,0,;
ld_preload,ld_preload,ld_preload_stage6_default,stage6_notify,global,0,malloc_only,1,4,32,5,20,1,-1,0,13613198.40,75688.40,99.4440,757660,378453,0,0,378446,378453,378446,0,0,0,;/mnt/hdd/users/cychi/research/native_hook_planB_v1/linux_native_hook_v1/results/logs/libbpf_compare_ld_preload_stage6_default_global_cache0_malloc_only_r1_t4_s32_d5.consumer.log
ld_preload,ld_preload,ld_preload_stage6_optimized,stage6_notify,sharded,1,malloc_only,1,4,32,5,20,1,-1,0,13613198.40,317105.60,97.6706,3174240,1585538,0,0,1585532,1585538,1585532,0,0,0,;/mnt/hdd/users/cychi/research/native_hook_planB_v1/linux_native_hook_v1/results/logs/libbpf_compare_ld_preload_stage6_optimized_sharded_cache1_malloc_only_r1_t4_s32_d5.consumer.log
ebpf_uprobe,libbpf,libbpf_count_only,libbpf_count_only,none,n/a,malloc_only,1,4,32,5,20,1,-1,0,13613198.40,560853.40,95.8801,5608571,2804275,4,0,2804292,0,0,0,0,0,/mnt/hdd/users/cychi/research/native_hook_planB_v1/linux_native_hook_v1/results/logs/libbpf_compare_libbpf_count_only_malloc_only_r1_t4_s32_d5.loader.log;
ebpf_uprobe,libbpf,libbpf_sample_filter,libbpf_sample_filter,none,n/a,malloc_only,1,4,32,5,20,1,-1,0,13613198.40,526018.40,96.1360,2630104,2630100,4,0,2630117,0,0,0,0,0,/mnt/hdd/users/cychi/research/native_hook_planB_v1/linux_native_hook_v1/results/logs/libbpf_compare_libbpf_sample_filter_malloc_only_r1_t4_s32_d5.loader.log;
ebpf_uprobe,libbpf,libbpf_tracking,libbpf_tracking,none,n/a,malloc_only,1,4,32,5,20,1,-1,0,13613198.40,521120.00,96.1720,5211217,2605608,4,0,2605625,2605612,2605605,12,0,0,/mnt/hdd/users/cychi/research/native_hook_planB_v1/linux_native_hook_v1/results/logs/libbpf_compare_libbpf_tracking_malloc_only_r1_t4_s32_d5.loader.log;
ebpf_uprobe,libbpf,libbpf_ring_output,libbpf_ring_output,none,n/a,malloc_only,1,4,32,5,20,1,-1,0,13613198.40,441334.00,96.7580,4413357,2206678,4,0,2206695,2206682,2206675,12,0,4413357,/mnt/hdd/users/cychi/research/native_hook_planB_v1/linux_native_hook_v1/results/logs/libbpf_compare_libbpf_ring_output_malloc_only_r1_t4_s32_d5.loader.log;
baseline,none,baseline_no_hook,baseline_no_hook,none,n/a,mixed3,1,1,32,5,20,1,-1,0,11864302.00,11864302.00,0.0000,0,0,0,0,0,0,0,0,0,0,;
ld_preload,ld_preload,ld_preload_stage6_default,stage6_notify,global,0,mixed3,1,1,32,5,20,1,-1,0,11864302.00,230266.00,98.0592,2689124,1535110,0,0,1151329,1535110,1151329,0,0,0,;/mnt/hdd/users/cychi/research/native_hook_planB_v1/linux_native_hook_v1/results/logs/libbpf_compare_ld_preload_stage6_default_global_cache0_mixed3_r1_t1_s32_d5.consumer.log
ld_preload,ld_preload,ld_preload_stage6_optimized,stage6_notify,sharded,1,mixed3,1,1,32,5,20,1,-1,0,11864302.00,599844.40,94.9441,7005181,3998966,0,0,2999222,3998966,2999222,0,0,0,;/mnt/hdd/users/cychi/research/native_hook_planB_v1/linux_native_hook_v1/results/logs/libbpf_compare_ld_preload_stage6_optimized_sharded_cache1_mixed3_r1_t1_s32_d5.consumer.log
ebpf_uprobe,libbpf,libbpf_count_only,libbpf_count_only,none,n/a,mixed3,1,1,32,5,20,1,-1,0,11864302.00,151614.00,98.7221,1768849,505385,252691,252690,758083,0,0,0,0,0,/mnt/hdd/users/cychi/research/native_hook_planB_v1/linux_native_hook_v1/results/logs/libbpf_compare_libbpf_count_only_mixed3_r1_t1_s32_d5.loader.log;
ebpf_uprobe,libbpf,libbpf_sample_filter,libbpf_sample_filter,none,n/a,mixed3,1,1,32,5,20,1,-1,0,11864302.00,142386.00,98.7999,949246,474625,237311,237310,711943,0,0,0,0,0,/mnt/hdd/users/cychi/research/native_hook_planB_v1/linux_native_hook_v1/results/logs/libbpf_compare_libbpf_sample_filter_mixed3_r1_t1_s32_d5.loader.log;
ebpf_uprobe,libbpf,libbpf_tracking,libbpf_tracking,none,n/a,mixed3,1,1,32,5,20,1,-1,0,11864302.00,141460.60,98.8077,1650381,471540,235769,235767,707317,943076,707305,10,0,0,/mnt/hdd/users/cychi/research/native_hook_planB_v1/linux_native_hook_v1/results/logs/libbpf_compare_libbpf_tracking_mixed3_r1_t1_s32_d5.loader.log;
ebpf_uprobe,libbpf,libbpf_ring_output,libbpf_ring_output,none,n/a,mixed3,1,1,32,5,20,1,-1,0,11864302.00,113482.20,99.0435,1323967,378279,189138,189137,567424,756554,567413,9,0,1323967,/mnt/hdd/users/cychi/research/native_hook_planB_v1/linux_native_hook_v1/results/logs/libbpf_compare_libbpf_ring_output_mixed3_r1_t1_s32_d5.loader.log;
baseline,none,baseline_no_hook,baseline_no_hook,none,n/a,mixed3,1,4,32,5,20,1,-1,0,8800186.40,8800186.40,0.0000,0,0,0,0,0,0,0,0,0,0,;
ld_preload,ld_preload,ld_preload_stage6_default,stage6_notify,global,0,mixed3,1,4,32,5,20,1,-1,0,8800186.40,49710.80,99.4351,580540,331410,0,0,248548,331410,248548,0,0,0,;/mnt/hdd/users/cychi/research/native_hook_planB_v1/linux_native_hook_v1/results/logs/libbpf_compare_ld_preload_stage6_default_global_cache0_mixed3_r1_t4_s32_d5.consumer.log
ld_preload,ld_preload,ld_preload_stage6_optimized,stage6_notify,sharded,1,mixed3,1,4,32,5,20,1,-1,0,8800186.40,292723.60,96.6737,3418521,1951492,0,0,1463614,1951492,1463614,0,0,0,;/mnt/hdd/users/cychi/research/native_hook_planB_v1/linux_native_hook_v1/results/logs/libbpf_compare_ld_preload_stage6_optimized_sharded_cache1_mixed3_r1_t4_s32_d5.consumer.log
ebpf_uprobe,libbpf,libbpf_count_only,libbpf_count_only,none,n/a,mixed3,1,4,32,5,20,1,-1,0,8800186.40,461164.80,94.7596,5380318,1537224,768612,768607,2305875,0,0,0,0,0,/mnt/hdd/users/cychi/research/native_hook_planB_v1/linux_native_hook_v1/results/logs/libbpf_compare_libbpf_count_only_mixed3_r1_t4_s32_d5.loader.log;
ebpf_uprobe,libbpf,libbpf_sample_filter,libbpf_sample_filter,none,n/a,mixed3,1,4,32,5,20,1,-1,0,8800186.40,439367.40,95.0073,2929126,1464565,732284,732277,2196889,0,0,0,0,0,/mnt/hdd/users/cychi/research/native_hook_planB_v1/linux_native_hook_v1/results/logs/libbpf_compare_libbpf_sample_filter_mixed3_r1_t4_s32_d5.loader.log;
ebpf_uprobe,libbpf,libbpf_tracking,libbpf_tracking,none,n/a,mixed3,1,4,32,5,20,1,-1,0,8800186.40,429336.60,95.1213,5008943,1431131,715564,715560,2146735,2862255,2146688,39,0,0,/mnt/hdd/users/cychi/research/native_hook_planB_v1/linux_native_hook_v1/results/logs/libbpf_compare_libbpf_tracking_mixed3_r1_t4_s32_d5.loader.log;
ebpf_uprobe,libbpf,libbpf_ring_output,libbpf_ring_output,none,n/a,mixed3,1,4,32,5,20,1,-1,0,8800186.40,355136.40,95.9644,4143274,1183796,591898,591893,1775733,2367587,1775687,38,0,4143274,/mnt/hdd/users/cychi/research/native_hook_planB_v1/linux_native_hook_v1/results/logs/libbpf_compare_libbpf_ring_output_mixed3_r1_t4_s32_d5.loader.log;
baseline,none,baseline_no_hook,baseline_no_hook,none,n/a,malloc_only,2,1,32,5,20,1,-1,0,15868672.20,15868672.20,0.0000,0,0,0,0,0,0,0,0,0,0,;
ld_preload,ld_preload,ld_preload_stage6_default,stage6_notify,global,0,malloc_only,2,1,32,5,20,1,-1,0,15868672.20,268311.40,98.3092,2685800,1341561,0,0,1341557,1341561,1341557,0,0,0,;/mnt/hdd/users/cychi/research/native_hook_planB_v1/linux_native_hook_v1/results/logs/libbpf_compare_ld_preload_stage6_default_global_cache0_malloc_only_r2_t1_s32_d5.consumer.log
ld_preload,ld_preload,ld_preload_stage6_optimized,stage6_notify,sharded,1,malloc_only,2,1,32,5,20,1,-1,0,15868672.20,672838.60,95.7600,6735104,3364193,0,0,3364188,3364193,3364188,0,0,0,;/mnt/hdd/users/cychi/research/native_hook_planB_v1/linux_native_hook_v1/results/logs/libbpf_compare_ld_preload_stage6_optimized_sharded_cache1_malloc_only_r2_t1_s32_d5.consumer.log
ebpf_uprobe,libbpf,libbpf_count_only,libbpf_count_only,none,n/a,malloc_only,2,1,32,5,20,1,-1,0,15868672.20,170459.80,98.9258,1704611,852304,1,0,852306,0,0,0,0,0,/mnt/hdd/users/cychi/research/native_hook_planB_v1/linux_native_hook_v1/results/logs/libbpf_compare_libbpf_count_only_malloc_only_r2_t1_s32_d5.loader.log;
ebpf_uprobe,libbpf,libbpf_sample_filter,libbpf_sample_filter,none,n/a,malloc_only,2,1,32,5,20,1,-1,0,15868672.20,165683.80,98.9559,828425,828424,1,0,828426,0,0,0,0,0,/mnt/hdd/users/cychi/research/native_hook_planB_v1/linux_native_hook_v1/results/logs/libbpf_compare_libbpf_sample_filter_malloc_only_r2_t1_s32_d5.loader.log;
ebpf_uprobe,libbpf,libbpf_tracking,libbpf_tracking,none,n/a,malloc_only,2,1,32,5,20,1,-1,0,15868672.20,159842.60,98.9927,1598434,799218,1,0,799220,799219,799215,3,0,0,/mnt/hdd/users/cychi/research/native_hook_planB_v1/linux_native_hook_v1/results/logs/libbpf_compare_libbpf_tracking_malloc_only_r2_t1_s32_d5.loader.log;
ebpf_uprobe,libbpf,libbpf_ring_output,libbpf_ring_output,none,n/a,malloc_only,2,1,32,5,20,1,-1,0,15868672.20,118821.40,99.2512,1188222,594112,1,0,594114,594113,594109,3,0,1188222,/mnt/hdd/users/cychi/research/native_hook_planB_v1/linux_native_hook_v1/results/logs/libbpf_compare_libbpf_ring_output_malloc_only_r2_t1_s32_d5.loader.log;
baseline,none,baseline_no_hook,baseline_no_hook,none,n/a,malloc_only,2,4,32,5,20,1,-1,0,12835339.40,12835339.40,0.0000,0,0,0,0,0,0,0,0,0,0,;
ld_preload,ld_preload,ld_preload_stage6_default,stage6_notify,global,0,malloc_only,2,4,32,5,20,1,-1,0,12835339.40,60867.00,99.5258,609280,304340,0,0,304328,304340,304328,0,0,0,;/mnt/hdd/users/cychi/research/native_hook_planB_v1/linux_native_hook_v1/results/logs/libbpf_compare_ld_preload_stage6_default_global_cache0_malloc_only_r2_t4_s32_d5.consumer.log
ld_preload,ld_preload,ld_preload_stage6_optimized,stage6_notify,sharded,1,malloc_only,2,4,32,5,20,1,-1,0,12835339.40,283459.20,97.7916,2837441,1417306,0,0,1417300,1417306,1417300,0,0,0,;/mnt/hdd/users/cychi/research/native_hook_planB_v1/linux_native_hook_v1/results/logs/libbpf_compare_ld_preload_stage6_optimized_sharded_cache1_malloc_only_r2_t4_s32_d5.consumer.log
ebpf_uprobe,libbpf,libbpf_count_only,libbpf_count_only,none,n/a,malloc_only,2,4,32,5,20,1,-1,0,12835339.40,548340.60,95.7279,5483443,2741711,4,0,2741728,0,0,0,0,0,/mnt/hdd/users/cychi/research/native_hook_planB_v1/linux_native_hook_v1/results/logs/libbpf_compare_libbpf_count_only_malloc_only_r2_t4_s32_d5.loader.log;
ebpf_uprobe,libbpf,libbpf_sample_filter,libbpf_sample_filter,none,n/a,malloc_only,2,4,32,5,20,1,-1,0,12835339.40,525984.60,95.9021,2629935,2629931,4,0,2629948,0,0,0,0,0,/mnt/hdd/users/cychi/research/native_hook_planB_v1/linux_native_hook_v1/results/logs/libbpf_compare_libbpf_sample_filter_malloc_only_r2_t4_s32_d5.loader.log;
ebpf_uprobe,libbpf,libbpf_tracking,libbpf_tracking,none,n/a,malloc_only,2,4,32,5,20,1,-1,0,12835339.40,517077.80,95.9715,5170795,2585397,4,0,2585414,2585401,2585394,12,0,0,/mnt/hdd/users/cychi/research/native_hook_planB_v1/linux_native_hook_v1/results/logs/libbpf_compare_libbpf_tracking_malloc_only_r2_t4_s32_d5.loader.log;
ebpf_uprobe,libbpf,libbpf_ring_output,libbpf_ring_output,none,n/a,malloc_only,2,4,32,5,20,1,-1,0,12835339.40,406236.80,96.8350,4062385,2031192,4,0,2031209,2031196,2031189,12,0,4062385,/mnt/hdd/users/cychi/research/native_hook_planB_v1/linux_native_hook_v1/results/logs/libbpf_compare_libbpf_ring_output_malloc_only_r2_t4_s32_d5.loader.log;
baseline,none,baseline_no_hook,baseline_no_hook,none,n/a,mixed3,2,1,32,5,20,1,-1,0,12011266.40,12011266.40,0.0000,0,0,0,0,0,0,0,0,0,0,;
ld_preload,ld_preload,ld_preload_stage6_default,stage6_notify,global,0,mixed3,2,1,32,5,20,1,-1,0,12011266.40,225540.60,98.1223,2633941,1503608,0,0,1127703,1503608,1127703,0,0,0,;/mnt/hdd/users/cychi/research/native_hook_planB_v1/linux_native_hook_v1/results/logs/libbpf_compare_ld_preload_stage6_default_global_cache0_mixed3_r2_t1_s32_d5.consumer.log
ld_preload,ld_preload,ld_preload_stage6_optimized,stage6_notify,sharded,1,mixed3,2,1,32,5,20,1,-1,0,12011266.40,586703.40,95.1154,6851720,3911361,0,0,2933519,3911361,2933519,0,0,0,;/mnt/hdd/users/cychi/research/native_hook_planB_v1/linux_native_hook_v1/results/logs/libbpf_compare_ld_preload_stage6_optimized_sharded_cache1_mixed3_r2_t1_s32_d5.consumer.log
ebpf_uprobe,libbpf,libbpf_count_only,libbpf_count_only,none,n/a,mixed3,2,1,32,5,20,1,-1,0,12011266.40,149626.80,98.7543,1745665,498761,249379,249378,748147,0,0,0,0,0,/mnt/hdd/users/cychi/research/native_hook_planB_v1/linux_native_hook_v1/results/logs/libbpf_compare_libbpf_count_only_mixed3_r2_t1_s32_d5.loader.log;
ebpf_uprobe,libbpf,libbpf_sample_filter,libbpf_sample_filter,none,n/a,mixed3,2,1,32,5,20,1,-1,0,12011266.40,141529.20,98.8217,943534,471769,235883,235882,707659,0,0,0,0,0,/mnt/hdd/users/cychi/research/native_hook_planB_v1/linux_native_hook_v1/results/logs/libbpf_compare_libbpf_sample_filter_mixed3_r2_t1_s32_d5.loader.log;
ebpf_uprobe,libbpf,libbpf_tracking,libbpf_tracking,none,n/a,mixed3,2,1,32,5,20,1,-1,0,12011266.40,138363.00,98.8481,1614243,461215,230606,230605,691828,922426,691817,9,0,0,/mnt/hdd/users/cychi/research/native_hook_planB_v1/linux_native_hook_v1/results/logs/libbpf_compare_libbpf_tracking_mixed3_r2_t1_s32_d5.loader.log;
ebpf_uprobe,libbpf,libbpf_ring_output,libbpf_ring_output,none,n/a,mixed3,2,1,32,5,20,1,-1,0,12011266.40,111018.60,99.0757,1295225,370067,185032,185031,555106,740130,555095,9,0,1295225,/mnt/hdd/users/cychi/research/native_hook_planB_v1/linux_native_hook_v1/results/logs/libbpf_compare_libbpf_ring_output_mixed3_r2_t1_s32_d5.loader.log;
baseline,none,baseline_no_hook,baseline_no_hook,none,n/a,mixed3,2,4,32,5,20,1,-1,0,9402736.20,9402736.20,0.0000,0,0,0,0,0,0,0,0,0,0,;
ld_preload,ld_preload,ld_preload_stage6_default,stage6_notify,global,0,mixed3,2,4,32,5,20,1,-1,0,9402736.20,45185.80,99.5194,527700,301243,0,0,225926,301243,225926,0,0,0,;/mnt/hdd/users/cychi/research/native_hook_planB_v1/linux_native_hook_v1/results/logs/libbpf_compare_ld_preload_stage6_default_global_cache0_mixed3_r2_t4_s32_d5.consumer.log
ld_preload,ld_preload,ld_preload_stage6_optimized,stage6_notify,sharded,1,mixed3,2,4,32,5,20,1,-1,0,9402736.20,249034.00,97.3515,2908313,1660235,0,0,1245172,1660235,1245172,0,0,0,;/mnt/hdd/users/cychi/research/native_hook_planB_v1/linux_native_hook_v1/results/logs/libbpf_compare_ld_preload_stage6_optimized_sharded_cache1_mixed3_r2_t4_s32_d5.consumer.log
ebpf_uprobe,libbpf,libbpf_count_only,libbpf_count_only,none,n/a,mixed3,2,4,32,5,20,1,-1,0,9402736.20,459878.20,95.1091,5365308,1532936,766467,766463,2299442,0,0,0,0,0,/mnt/hdd/users/cychi/research/native_hook_planB_v1/linux_native_hook_v1/results/logs/libbpf_compare_libbpf_count_only_mixed3_r2_t4_s32_d5.loader.log;
ebpf_uprobe,libbpf,libbpf_sample_filter,libbpf_sample_filter,none,n/a,mixed3,2,4,32,5,20,1,-1,0,9402736.20,447428.60,95.2415,2982868,1491437,745718,745713,2237195,0,0,0,0,0,/mnt/hdd/users/cychi/research/native_hook_planB_v1/linux_native_hook_v1/results/logs/libbpf_compare_libbpf_sample_filter_mixed3_r2_t4_s32_d5.loader.log;
ebpf_uprobe,libbpf,libbpf_tracking,libbpf_tracking,none,n/a,mixed3,2,4,32,5,20,1,-1,0,9402736.20,439257.40,95.3284,5124686,1464200,732099,732095,2196338,2928394,2196292,38,0,0,/mnt/hdd/users/cychi/research/native_hook_planB_v1/linux_native_hook_v1/results/logs/libbpf_compare_libbpf_tracking_mixed3_r2_t4_s32_d5.loader.log;
ebpf_uprobe,libbpf,libbpf_ring_output,libbpf_ring_output,none,n/a,mixed3,2,4,32,5,20,1,-1,0,9402736.20,366670.40,96.1004,4277838,1222243,611121,611117,1833402,2444481,1833357,37,0,4277838,/mnt/hdd/users/cychi/research/native_hook_planB_v1/linux_native_hook_v1/results/logs/libbpf_compare_libbpf_ring_output_mixed3_r2_t4_s32_d5.loader.log;
baseline,none,baseline_no_hook,baseline_no_hook,none,n/a,malloc_only,3,1,32,5,20,1,-1,0,16187070.00,16187070.00,0.0000,0,0,0,0,0,0,0,0,0,0,;
ld_preload,ld_preload,ld_preload_stage6_default,stage6_notify,global,0,malloc_only,3,1,32,5,20,1,-1,0,16187070.00,268323.20,98.3424,2685920,1341621,0,0,1341617,1341621,1341617,0,0,0,;/mnt/hdd/users/cychi/research/native_hook_planB_v1/linux_native_hook_v1/results/logs/libbpf_compare_ld_preload_stage6_default_global_cache0_malloc_only_r3_t1_s32_d5.consumer.log
ld_preload,ld_preload,ld_preload_stage6_optimized,stage6_notify,sharded,1,malloc_only,3,1,32,5,20,1,-1,0,16187070.00,672813.40,95.8435,6734861,3364071,0,0,3364067,3364071,3364067,0,0,0,;/mnt/hdd/users/cychi/research/native_hook_planB_v1/linux_native_hook_v1/results/logs/libbpf_compare_ld_preload_stage6_optimized_sharded_cache1_malloc_only_r3_t1_s32_d5.consumer.log
ebpf_uprobe,libbpf,libbpf_count_only,libbpf_count_only,none,n/a,malloc_only,3,1,32,5,20,1,-1,0,16187070.00,179659.60,98.8901,1796609,898303,1,0,898305,0,0,0,0,0,/mnt/hdd/users/cychi/research/native_hook_planB_v1/linux_native_hook_v1/results/logs/libbpf_compare_libbpf_count_only_malloc_only_r3_t1_s32_d5.loader.log;
ebpf_uprobe,libbpf,libbpf_sample_filter,libbpf_sample_filter,none,n/a,malloc_only,3,1,32,5,20,1,-1,0,16187070.00,165121.80,98.9799,825615,825614,1,0,825616,0,0,0,0,0,/mnt/hdd/users/cychi/research/native_hook_planB_v1/linux_native_hook_v1/results/logs/libbpf_compare_libbpf_sample_filter_malloc_only_r3_t1_s32_d5.loader.log;
ebpf_uprobe,libbpf,libbpf_tracking,libbpf_tracking,none,n/a,malloc_only,3,1,32,5,20,1,-1,0,16187070.00,154414.60,99.0461,1544154,772078,1,0,772080,772079,772075,3,0,0,/mnt/hdd/users/cychi/research/native_hook_planB_v1/linux_native_hook_v1/results/logs/libbpf_compare_libbpf_tracking_malloc_only_r3_t1_s32_d5.loader.log;
ebpf_uprobe,libbpf,libbpf_ring_output,libbpf_ring_output,none,n/a,malloc_only,3,1,32,5,20,1,-1,0,16187070.00,112846.20,99.3029,1128470,564236,1,0,564238,564237,564233,3,0,1128470,/mnt/hdd/users/cychi/research/native_hook_planB_v1/linux_native_hook_v1/results/logs/libbpf_compare_libbpf_ring_output_malloc_only_r3_t1_s32_d5.loader.log;
baseline,none,baseline_no_hook,baseline_no_hook,none,n/a,malloc_only,3,4,32,5,20,1,-1,0,13052098.20,13052098.20,0.0000,0,0,0,0,0,0,0,0,0,0,;
ld_preload,ld_preload,ld_preload_stage6_default,stage6_notify,global,0,malloc_only,3,4,32,5,20,1,-1,0,13052098.20,75973.00,99.4179,760501,379874,0,0,379865,379874,379865,0,0,0,;/mnt/hdd/users/cychi/research/native_hook_planB_v1/linux_native_hook_v1/results/logs/libbpf_compare_ld_preload_stage6_default_global_cache0_malloc_only_r3_t4_s32_d5.consumer.log
ld_preload,ld_preload,ld_preload_stage6_optimized,stage6_notify,sharded,1,malloc_only,3,4,32,5,20,1,-1,0,13052098.20,315469.00,97.5830,3157860,1577356,0,0,1577350,1577356,1577350,0,0,0,;/mnt/hdd/users/cychi/research/native_hook_planB_v1/linux_native_hook_v1/results/logs/libbpf_compare_ld_preload_stage6_optimized_sharded_cache1_malloc_only_r3_t4_s32_d5.consumer.log
ebpf_uprobe,libbpf,libbpf_count_only,libbpf_count_only,none,n/a,malloc_only,3,4,32,5,20,1,-1,0,13052098.20,622247.00,95.2326,6222507,3111243,4,0,3111260,0,0,0,0,0,/mnt/hdd/users/cychi/research/native_hook_planB_v1/linux_native_hook_v1/results/logs/libbpf_compare_libbpf_count_only_malloc_only_r3_t4_s32_d5.loader.log;
ebpf_uprobe,libbpf,libbpf_sample_filter,libbpf_sample_filter,none,n/a,malloc_only,3,4,32,5,20,1,-1,0,13052098.20,565685.40,95.6659,2828439,2828435,4,0,2828452,0,0,0,0,0,/mnt/hdd/users/cychi/research/native_hook_planB_v1/linux_native_hook_v1/results/logs/libbpf_compare_libbpf_sample_filter_malloc_only_r3_t4_s32_d5.loader.log;
ebpf_uprobe,libbpf,libbpf_tracking,libbpf_tracking,none,n/a,malloc_only,3,4,32,5,20,1,-1,0,13052098.20,572970.00,95.6101,5729717,2864858,4,0,2864875,2864862,2864855,12,0,0,/mnt/hdd/users/cychi/research/native_hook_planB_v1/linux_native_hook_v1/results/logs/libbpf_compare_libbpf_tracking_malloc_only_r3_t4_s32_d5.loader.log;
ebpf_uprobe,libbpf,libbpf_ring_output,libbpf_ring_output,none,n/a,malloc_only,3,4,32,5,20,1,-1,0,13052098.20,454907.60,96.5147,4549093,2274546,4,0,2274563,2274550,2274543,12,0,4549093,/mnt/hdd/users/cychi/research/native_hook_planB_v1/linux_native_hook_v1/results/logs/libbpf_compare_libbpf_ring_output_malloc_only_r3_t4_s32_d5.loader.log;
baseline,none,baseline_no_hook,baseline_no_hook,none,n/a,mixed3,3,1,32,5,20,1,-1,0,12062613.80,12062613.80,0.0000,0,0,0,0,0,0,0,0,0,0,;
ld_preload,ld_preload,ld_preload_stage6_default,stage6_notify,global,0,mixed3,3,1,32,5,20,1,-1,0,12062613.80,229116.40,98.1006,2675700,1527446,0,0,1145582,1527446,1145582,0,0,0,;/mnt/hdd/users/cychi/research/native_hook_planB_v1/linux_native_hook_v1/results/logs/libbpf_compare_ld_preload_stage6_default_global_cache0_mixed3_r3_t1_s32_d5.consumer.log
ld_preload,ld_preload,ld_preload_stage6_optimized,stage6_notify,sharded,1,mixed3,3,1,32,5,20,1,-1,0,12062613.80,583467.00,95.1630,6813920,3889784,0,0,2917334,3889784,2917334,0,0,0,;/mnt/hdd/users/cychi/research/native_hook_planB_v1/linux_native_hook_v1/results/logs/libbpf_compare_ld_preload_stage6_optimized_sharded_cache1_mixed3_r3_t1_s32_d5.consumer.log
ebpf_uprobe,libbpf,libbpf_count_only,libbpf_count_only,none,n/a,mixed3,3,1,32,5,20,1,-1,0,12062613.80,146957.40,98.7817,1714522,489863,244930,244929,734800,0,0,0,0,0,/mnt/hdd/users/cychi/research/native_hook_planB_v1/linux_native_hook_v1/results/logs/libbpf_compare_libbpf_count_only_mixed3_r3_t1_s32_d5.loader.log;
ebpf_uprobe,libbpf,libbpf_sample_filter,libbpf_sample_filter,none,n/a,mixed3,3,1,32,5,20,1,-1,0,12062613.80,138574.80,98.8512,923838,461921,230959,230958,692887,0,0,0,0,0,/mnt/hdd/users/cychi/research/native_hook_planB_v1/linux_native_hook_v1/results/logs/libbpf_compare_libbpf_sample_filter_mixed3_r3_t1_s32_d5.loader.log;
ebpf_uprobe,libbpf,libbpf_tracking,libbpf_tracking,none,n/a,mixed3,3,1,32,5,20,1,-1,0,12062613.80,134949.00,98.8813,1574413,449835,224916,224915,674758,899666,674747,9,0,0,/mnt/hdd/users/cychi/research/native_hook_planB_v1/linux_native_hook_v1/results/logs/libbpf_compare_libbpf_tracking_mixed3_r3_t1_s32_d5.loader.log;
ebpf_uprobe,libbpf,libbpf_ring_output,libbpf_ring_output,none,n/a,mixed3,3,1,32,5,20,1,-1,0,12062613.80,108091.20,99.1039,1261072,360309,180153,180152,540469,720614,540458,9,0,1261072,/mnt/hdd/users/cychi/research/native_hook_planB_v1/linux_native_hook_v1/results/logs/libbpf_compare_libbpf_ring_output_mixed3_r3_t1_s32_d5.loader.log;
baseline,none,baseline_no_hook,baseline_no_hook,none,n/a,mixed3,3,4,32,5,20,1,-1,0,9535744.60,9535744.60,0.0000,0,0,0,0,0,0,0,0,0,0,;
ld_preload,ld_preload,ld_preload_stage6_default,stage6_notify,global,0,mixed3,3,4,32,5,20,1,-1,0,9535744.60,47286.00,99.5041,552240,315250,0,0,236435,315250,236435,0,0,0,;/mnt/hdd/users/cychi/research/native_hook_planB_v1/linux_native_hook_v1/results/logs/libbpf_compare_ld_preload_stage6_default_global_cache0_mixed3_r3_t4_s32_d5.consumer.log
ld_preload,ld_preload,ld_preload_stage6_optimized,stage6_notify,sharded,1,mixed3,3,4,32,5,20,1,-1,0,9535744.60,285922.00,97.0016,3339101,1906155,0,0,1429610,1906155,1429610,0,0,0,;/mnt/hdd/users/cychi/research/native_hook_planB_v1/linux_native_hook_v1/results/logs/libbpf_compare_ld_preload_stage6_optimized_sharded_cache1_mixed3_r3_t4_s32_d5.consumer.log
ebpf_uprobe,libbpf,libbpf_count_only,libbpf_count_only,none,n/a,mixed3,3,4,32,5,20,1,-1,0,9535744.60,447342.20,95.3088,5219054,1491149,745574,745570,2236761,0,0,0,0,0,/mnt/hdd/users/cychi/research/native_hook_planB_v1/linux_native_hook_v1/results/logs/libbpf_compare_libbpf_count_only_mixed3_r3_t4_s32_d5.loader.log;
ebpf_uprobe,libbpf,libbpf_sample_filter,libbpf_sample_filter,none,n/a,mixed3,3,4,32,5,20,1,-1,0,9535744.60,437872.00,95.4081,2919157,1459581,729791,729785,2189412,0,0,0,0,0,/mnt/hdd/users/cychi/research/native_hook_planB_v1/linux_native_hook_v1/results/logs/libbpf_compare_libbpf_sample_filter_mixed3_r3_t4_s32_d5.loader.log;
ebpf_uprobe,libbpf,libbpf_tracking,libbpf_tracking,none,n/a,mixed3,3,4,32,5,20,1,-1,0,9535744.60,436263.00,95.4250,5089751,1454218,727109,727104,2181366,2908431,2181320,38,0,0,/mnt/hdd/users/cychi/research/native_hook_planB_v1/linux_native_hook_v1/results/logs/libbpf_compare_libbpf_tracking_mixed3_r3_t4_s32_d5.loader.log;
ebpf_uprobe,libbpf,libbpf_ring_output,libbpf_ring_output,none,n/a,mixed3,3,4,32,5,20,1,-1,0,9535744.60,362161.80,96.2021,4225237,1207214,603607,603602,1810860,2414423,1810814,38,0,4225237,/mnt/hdd/users/cychi/research/native_hook_planB_v1/linux_native_hook_v1/results/logs/libbpf_compare_libbpf_ring_output_mixed3_r3_t4_s32_d5.loader.log;
